302,360,440,359,354,375,337,379,392,339,417,333,338,365,380,324,420,417,347,389,359,451,355,358,371,415,352,398,340,355,371,393,341,319,341,412,344,277,259,333,353,355,373,376,384,399,389,434,378,373,311,298,406,397,405,354,325,414,345,402,425,315,367,441
290,372,402,323,376,426,399,373,424,381,407,401,331,391,433,376,456,384,356,428,383,468,365,371,379,397,350,374,334,383,357,442,336,404,346,434,371,318,333,351,368,392,317,367,401,365,343,425,386,316,326,263,382,441,405,382,370,422,412,398,358,317,400,424
405,435,449,396,415,473,403,457,455,437,424,444,428,409,464,327,545,451,367,414,421,509,446,374,475,454,468,411,369,485,425,439,355,399,344,404,404,351,326,417,462,414,391,410,436,393,409,485,396,409,360,347,439,496,394,423,406,439,437,482,376,384,485,440
350,450,467,365,408,510,404,394,446,442,451,441,415,434,454,374,496,455,400,442,428,518,433,462,452,471,482,432,395,453,436,473,425,380,378,489,390,411,386,392,403,400,379,425,425,384,404,479,453,419,351,316,438,485,437,467,387,444,431,404,410,373,464,475
418,493,503,331,404,458,424,381,419,453,402,425,401,456,455,381,442,388,395,457,437,486,423,413,425,410,418,396,416,447,468,429,367,431,370,464,399,349,352,401,416,396,413,452,404,429,380,517,420,405,395,342,400,431,381,423,367,407,403,446,407,346,469,453
318,394,392,344,339,400,381,356,425,405,354,371,359,354,420,368,448,418,335,386,421,422,410,315,394,418,360,402,359,389,371,391,356,354,363,404,347,345,296,304,357,348,369,397,393,362,358,452,402,361,309,311,402,431,387,382,297,364,345,390,364,318,395,410
430,451,515,432,512,507,430,426,460,453,447,482,445,483,471,396,557,521,430,446,439,514,472,436,487,528,437,442,407,479,444,471,404,428,410,479,475,373,375,425,415,418,465,467,479,425,464,490,455,457,415,391,499,539,442,421,403,502,429,476,390,438,544,466
352,448,496,392,405,461,458,435,449,460,433,433,424,448,471,378,515,471,395,464,490,492,426,452,450,490,407,431,441,422,485,458,419,409,406,451,443,363,365,397,404,373,365,460,458,429,403,490,446,438,368,314,445,457,442,424,427,421,420,439,420,381,460,470
373,442,491,399,416,486,409,364,404,439,411,384,370,399,422,354,506,456,342,438,438,460,387,367,426,460,428,428,361,424,362,432,377,379,386,430,415,361,323,402,422,386,375,406,431,401,406,489,402,407,322,321,412,483,409,441,404,420,437,423,406,307,421,441
331,371,437,307,365,443,370,384,392,373,338,399,404,414,415,382,449,480,382,381,402,450,393,390,409,409,340,424,378,354,386,426,375,394,359,345,388,394,361,354,354,364,376,447,377,367,349,443,415,385,334,355,402,448,412,369,303,381,367,408,367,387,381,413
292,382,459,353,347,455,388,362,398,396,402,413,383,387,430,345,467,405,355,407,405,443,397,385,432,473,412,439,360,397,381,395,391,354,393,456,413,333,335,374,390,400,335,415,415,417,393,460,392,382,338,331,372,408,412,410,379,401,421,424,406,332,424,490
368,400,433,368,413,458,374,391,422,393,368,398,371,368,406,376,400,458,361,380,403,454,404,417,415,496,352,441,351,416,420,449,333,388,424,396,440,370,319,382,359,362,366,380,399,405,425,467,385,358,341,323,411,481,398,373,366,424,429,408,388,336,402,462
407,453,523,373,448,498,432,383,442,444,412,434,421,450,489,419,538,457,447,414,444,489,451,415,510,464,433,436,378,417,408,443,376,386,425,461,430,362,349,393,447,419,475,461,457,435,427,518,434,432,402,371,461,498,383,452,374,494,419,467,418,327,482,498
349,404,419,322,359,468,374,319,385,405,379,406,379,370,410,333,450,443,323,344,370,414,401,314,401,390,328,397,362,379,362,421,347,307,337,401,330,326,365,360,357,366,351,393,364,347,369,461,392,363,363,348,340,434,359,357,352,389,388,393,364,318,361,408
363,403,394,390,390,436,378,370,444,369,365,437,437,368,374,306,412,388,392,371,396,432,374,378,415,379,325,405,339,391,399,377,348,370,351,392,385,301,295,322,339,353,308,412,329,361,377,400,372,371,318,327,355,419,395,401,373,390,375,393,315,321,443,414
320,372,398,295,350,364,350,335,367,387,385,344,316,337,346,257,420,374,280,335,353,440,403,312,372,367,331,368,335,369,344,370,295,293,291,344,314,288,282,335,351,288,322,352,332,322,366,405,316,337,258,276,332,360,317,299,322,361,341,379,324,302,380,360
366,399,460,350,418,503,404,390,411,408,416,383,411,406,445,392,484,477,430,407,431,493,405,403,466,431,415,429,350,460,429,454,409,385,347,484,370,380,385,424,399,405,441,404,410,403,411,511,469,393,384,339,407,510,412,421,352,463,401,437,411,389,423,418
409,448,481,390,431,492,418,377,448,411,401,441,437,439,444,383,481,435,389,393,416,464,439,363,434,486,427,459,345,418,469,429,391,392,391,436,437,374,357,373,378,409,405,427,460,381,420,479,411,419,361,312,474,500,406,455,369,448,388,470,402,323,496,424
390,480,484,369,392,489,439,350,407,452,396,436,397,440,430,351,514,487,388,444,405,509,460,377,449,480,451,457,419,453,398,413,385,406,387,470,397,339,354,409,433,430,396,436,442,421,399,530,400,432,382,358,387,444,375,402,373,465,413,445,412,342,484,462
409,408,433,350,351,483,388,331,422,401,393,393,398,421,443,344,441,393,354,405,435,473,367,379,456,393,349,410,334,356,398,456,368,341,355,422,348,299,307,345,380,368,374,402,370,373,346,465,371,390,357,297,373,416,355,374,380,415,370,414,352,336,442,424
389,448,524,412,420,510,439,459,445,448,468,480,431,449,511,383,548,531,400,472,455,553,482,450,483,541,441,489,420,472,457,507,427,441,419,478,460,393,400,478,449,429,427,460,468,447,466,538,449,431,383,389,447,553,461,449,426,484,480,494,432,406,472,474
363,391,429,356,373,444,390,370,424,356,391,427,401,423,423,312,424,432,348,374,383,463,390,396,385,399,389,404,362,385,420,389,339,402,337,395,394,359,326,400,361,386,339,402,376,394,377,421,375,371,346,289,413,407,364,403,339,416,382,413,367,329,403,427
312,380,432,363,354,479,364,379,425,383,438,421,384,409,429,365,487,421,387,395,403,444,385,389,459,460,349,399,339,391,434,424,380,388,351,447,401,324,325,375,364,370,405,436,384,358,370,452,410,383,357,344,373,428,365,390,361,407,388,416,392,329,416,423
321,370,432,403,402,411,384,394,443,382,430,424,417,412,414,399,483,457,403,423,454,506,408,407,414,465,376,465,342,397,438,434,394,421,399,386,418,307,332,363,355,421,385,449,407,418,371,442,406,398,300,333,473,499,443,395,353,449,402,454,411,384,462,444
378,437,485,377,392,474,430,399,445,456,349,410,434,389,396,370,501,481,366,429,447,488,440,352,501,444,405,421,398,468,454,416,404,387,356,438,396,352,380,388,388,413,415,453,397,398,385,500,466,427,394,369,379,457,398,429,374,418,427,471,357,369,488,427
405,464,491,419,413,495,451,412,476,431,448,460,474,479,455,360,590,440,416,447,429,492,499,425,485,455,459,412,393,470,454,438,381,418,348,478,403,383,340,415,437,412,435,464,456,396,440,509,440,444,394,358,425,484,416,474,468,502,402,484,393,349,486,473
374,453,490,367,431,525,456,389,430,441,443,456,443,440,444,342,499,470,439,453,456,534,470,428,448,416,444,425,408,450,437,456,390,416,364,497,376,408,375,392,426,404,410,464,396,393,403,509,413,391,398,357,396,439,419,436,403,454,425,438,415,373,463,456
444,453,542,393,487,528,469,433,490,492,458,510,466,479,505,421,566,520,405,440,443,564,464,422,508,514,480,489,438,525,429,518,411,454,434,464,490,434,384,461,475,461,443,458,478,484,455,574,463,438,440,374,477,541,440,463,461,522,498,511,445,394,530,518
392,479,513,370,445,506,431,420,408,473,429,420,412,435,467,373,480,457,425,427,466,522,442,428,479,524,440,465,381,470,449,461,401,426,369,462,398,429,381,448,407,445,402,430,435,440,480,552,441,415,346,365,433,513,402,421,375,450,413,441,395,374,470,430
339,412,445,313,338,431,323,363,427,416,330,393,397,329,423,374,394,404,361,392,411,413,346,382,411,401,380,398,339,364,339,413,354,344,366,400,346,370,346,327,358,359,352,414,354,352,338,472,368,416,318,295,336,393,404,397,353,416,396,404,350,349,403,441
356,411,441,388,394,414,381,346,397,415,391,446,368,423,411,326,442,430,342,387,356,476,388,400,453,433,381,408,363,394,386,423,348,415,322,402,411,338,319,412,365,382,371,428,396,389,370,483,375,407,359,358,392,450,384,412,354,426,377,444,346,355,436,450
389,440,436,349,406,465,425,388,404,427,401,409,413,402,441,388,486,465,373,432,460,482,419,388,417,444,408,405,369,412,385,451,359,387,372,457,376,347,359,391,407,430,391,417,397,390,388,503,423,381,394,309,403,469,351,427,378,425,423,396,374,338,443,411
378,410,459,350,366,449,375,354,404,418,398,422,353,441,426,377,466,406,379,422,385,440,380,407,458,434,355,359,326,385,431,420,359,394,378,428,419,341,340,395,357,415,411,416,410,369,360,490,394,355,376,340,359,444,388,386,347,390,355,457,337,360,435,404
331,351,395,352,365,389,357,322,383,399,388,369,371,380,362,306,398,401,368,376,383,431,362,360,411,408,365,359,292,398,381,354,345,363,309,390,353,288,320,357,345,384,344,393,367,378,365,437,327,340,323,317,335,391,359,348,369,424,336,427,330,335,416,424
380,441,498,390,421,434,436,384,449,471,446,451,404,452,474,337,500,472,394,452,438,514,481,415,435,474,449,454,391,407,457,462,371,380,375,417,418,380,396,428,414,405,393,472,457,368,448,474,417,434,367,349,445,499,413,447,400,475,427,478,410,375,460,435
371,406,439,361,366,440,407,368,449,394,409,382,386,419,405,337,461,447,361,437,415,466,422,396,409,410,407,398,363,437,413,419,375,403,335,443,352,328,356,348,392,382,370,387,376,394,372,478,396,365,373,308,373,423,383,386,396,441,355,441,379,378,437,430
363,406,477,345,361,421,364,373,436,399,358,393,374,393,386,356,451,447,375,404,418,479,393,395,447,460,390,413,337,373,374,455,347,361,370,430,355,328,299,362,379,410,362,376,372,384,397,479,382,380,372,339,389,420,383,408,364,423,365,415,335,368,453,393
390,459,470,369,413,446,397,430,449,418,406,439,393,444,414,388,522,424,372,425,436,489,444,420,493,440,373,400,367,366,433,479,323,442,360,400,432,354,348,397,385,412,397,457,405,402,390,506,410,390,393,348,406,444,404,384,395,450,402,485,344,367,497,444
357,410,413,337,382,399,382,338,385,415,321,355,384,355,385,292,440,408,345,345,353,438,340,321,414,415,383,398,366,404,348,377,320,367,298,360,355,348,321,362,352,343,339,369,354,381,359,449,376,367,330,315,345,429,335,344,305,374,373,383,343,337,424,387
327,416,420,275,343,428,379,345,374,411,372,347,362,363,397,342,393,378,364,375,414,442,381,393,421,391,352,398,378,422,419,380,366,353,311,409,316,322,364,336,339,338,356,400,336,361,307,470,396,371,343,249,342,376,327,344,334,384,351,365,362,313,415,399
381,478,517,404,420,561,472,468,473,457,472,499,484,436,478,370,571,535,420,474,472,519,503,426,488,504,479,433,434,488,487,491,420,438,411,495,439,445,435,476,444,471,448,443,475,402,444,572,469,437,430,394,437,533,456,440,434,469,476,509,422,444,492,497
405,423,505,408,434,466,422,404,431,430,425,422,458,439,460,348,541,481,389,411,429,487,418,424,479,499,485,418,360,440,384,456,346,406,399,487,409,388,297,418,412,434,436,440,470,438,437,512,421,412,394,342,469,482,401,421,397,487,429,459,412,379,477,513
330,378,445,323,340,443,364,401,381,390,423,357,353,401,397,329,480,443,325,422,405,449,393,388,404,449,430,400,327,396,429,404,351,393,341,409,363,352,298,380,399,436,356,386,397,347,349,446,395,358,352,298,443,400,358,383,335,391,402,432,389,315,403,383
306,372,369,331,352,381,392,404,408,417,364,362,364,345,406,325,439,398,350,372,373,435,381,351,388,431,377,396,311,407,410,373,348,386,324,372,348,373,309,326,351,382,327,397,398,352,363,435,394,360,297,291,386,455,376,385,318,398,374,414,366,271,365,376
351,450,512,401,379,518,442,421,439,425,435,446,430,456,482,381,535,510,411,465,438,527,422,428,469,517,463,459,421,431,446,466,434,431,370,512,409,400,327,413,425,471,413,466,479,427,429,516,458,420,388,361,458,490,456,442,406,470,410,442,432,362,474,482
368,434,498,337,390,500,380,387,402,401,373,440,400,426,441,345,491,424,378,382,402,467,418,386,460,406,388,409,402,400,441,441,326,404,341,435,397,382,319,413,374,377,389,443,423,406,387,530,416,384,406,325,393,415,392,374,387,415,372,450,370,357,447,442
391,454,533,366,409,525,449,406,427,428,409,422,455,455,470,365,542,482,408,437,416,474,447,423,498,475,451,404,430,463,445,435,375,412,378,452,418,392,379,436,425,436,450,432,469,412,394,548,437,431,410,348,412,493,383,417,433,462,428,475,395,394,477,504
375,449,521,358,368,475,396,381,474,418,409,466,427,464,433,344,489,467,369,427,416,485,452,430,482,464,423,420,422,412,418,457,368,424,401,472,406,392,336,420,414,414,405,464,435,438,375,526,412,439,387,362,388,462,394,441,380,440,422,461,377,405,469,499
409,455,526,385,429,534,457,402,477,459,434,466,457,430,522,383,528,504,384,436,416,483,446,412,498,494,476,436,397,473,420,445,441,385,430,494,437,404,374,407,455,424,421,457,482,386,431,499,442,440,380,320,447,511,410,492,401,479,447,469,397,353,505,506
357,404,455,336,385,393,342,348,376,331,349,378,387,373,375,324,371,356,346,359,383,422,397,381,366,339,330,370,354,331,391,404,291,346,330,386,360,268,287,367,342,323,310,411,363,359,340,423,340,372,313,279,340,391,378,409,348,410,356,380,324,341,404,456
338,368,438,352,367,453,357,371,422,385,350,448,344,361,417,354,423,438,332,399,379,484,377,385,448,458,394,420,337,419,375,388,402,363,346,382,431,346,329,384,386,354,399,392,389,382,405,444,393,408,286,304,404,471,394,399,346,412,367,435,320,343,473,392
452,473,541,414,463,482,437,410,471,505,439,461,468,411,458,366,499,439,368,435,479,494,452,441,473,474,444,435,371,452,495,493,342,435,401,464,409,413,352,448,379,453,387,453,438,409,425,549,413,417,411,322,432,448,427,438,443,484,453,506,376,369,504,447
376,455,515,435,472,470,457,404,487,433,423,444,420,443,412,380,503,473,394,438,450,502,470,397,481,463,383,440,402,462,468,442,372,442,384,424,411,361,386,364,375,407,411,468,420,423,400,493,435,425,444,360,438,484,417,451,424,490,447,487,383,379,474,522
370,376,402,349,373,412,352,345,402,396,358,375,378,327,401,354,440,411,314,356,379,425,362,309,393,435,417,388,310,387,349,402,314,348,354,396,379,357,273,360,356,359,354,386,387,331,365,420,374,343,280,271,401,435,350,370,306,387,403,391,345,304,437,369
296,376,376,326,340,390,389,380,337,346,327,344,368,335,368,326,389,376,392,339,346,423,318,353,407,382,321,349,304,317,352,360,341,324,324,370,325,316,290,301,336,363,309,369,345,345,350,429,350,314,316,290,322,405,368,350,285,383,341,343,314,267,364,413
349,397,459,351,382,481,377,404,454,415,440,416,383,397,452,361,488,434,380,393,416,482,386,383,444,407,410,447,339,417,440,456,373,419,359,427,398,356,329,393,368,427,359,407,410,373,327,467,410,382,361,282,437,428,417,383,333,423,391,471,417,384,450,428
385,413,450,394,458,499,431,437,449,439,396,413,461,429,469,382,521,439,425,388,450,500,424,413,494,452,374,414,375,452,451,444,377,435,353,452,417,370,347,369,365,406,387,457,422,427,380,471,428,398,386,324,423,475,414,399,409,458,417,457,401,360,479,442
353,359,425,320,361,403,356,371,401,381,374,370,375,356,397,330,440,367,376,383,370,414,367,374,405,406,353,356,311,393,358,369,353,347,327,396,378,249,287,317,370,342,358,359,332,343,373,411,327,366,344,320,328,362,307,376,378,381,337,400,344,327,418,388
368,401,464,338,378,450,402,333,401,417,387,420,360,436,425,335,468,420,322,415,400,485,401,441,471,409,360,392,371,371,407,485,324,367,345,434,374,324,327,393,379,350,362,386,381,336,343,456,397,379,381,307,362,422,357,390,359,417,401,412,324,369,463,397
383,448,476,414,438,512,426,423,492,445,431,443,408,433,476,364,496,478,425,438,455,509,442,443,477,500,430,491,423,476,452,437,417,417,389,444,447,420,355,382,399,407,407,455,458,438,438,525,431,430,395,345,436,478,423,427,414,454,396,439,407,380,455,495
287,365,415,318,285,336,325,321,423,373,365,361,345,388,345,291,430,373,325,380,334,410,354,296,358,377,404,369,320,359,364,376,308,292,302,366,335,296,285,331,327,358,345,364,384,318,330,420,354,381,339,269,363,376,300,415,313,359,320,344,365,295,383,387
362,474,437,346,374,488,370,373,438,426,384,438,439,436,421,325,481,442,383,411,417,496,445,395,433,474,466,452,397,441,422,407,364,374,343,427,370,394,368,375,407,412,344,412,400,363,406,449,407,402,337,330,424,460,364,442,354,383,413,394,361,367,465,420
434,467,569,491,494,526,507,474,529,476,529,524,472,542,561,455,606,553,413,519,467,589,497,481,545,598,471,552,467,522,501,552,480,468,444,509,544,403,483,478,416,443,484,539,499,476,480,586,534,499,449,371,505,567,475,497,460,547,524,525,498,437,558,553
401,429,500,385,415,478,431,443,445,438,441,423,439,473,464,403,500,474,403,436,441,494,395,446,473,437,416,422,377,399,482,462,409,410,362,444,437,347,351,426,403,450,407,443,455,364,392,503,456,406,398,342,484,470,429,456,354,424,401,471,398,360,441,478
